Rank,FIFA_Rank,Country,Rating,Confederation_Rank,Confederation_Rating,Top25_Confederation_Rank,Top25_Confederation_Rating,Top50_Confederation_Rank,Top50_Confederation_Rating,Confederation_Change,Confederation_Change_pct,Top25_Confederation_Change,Top25_Confederation_Change_pct,Top50_Confederation_Change,Top25_Confederation_Change_abs,Top50_Confederation_Change_abs,Top25_Change,Top50_Change,Top25_Change_pct,Top50_Change_pct,Confederation_Total_Confederations_in_Top50,Number_of_Top25_Teams,Number_of_Top50_Teams,Number_of_Top100_Teams,Number_of_Teams_in_Top150,Number_of_Teams_in_Top150_per_Top100_team,Number_of_Teams_in_Top25,Total_Points_Top100_Teams,Total_Points_Top50_Teams
1,1,ES,2165,1,2189,7,1946,19,1805,0,ŌłÆ7,0,ŌłÆ7,0,+15,+3,+146,+3,+130,+3,+163,780,340,302,138,461,138,181,1591,697
2,2,AR,2113,1,2172,5,1987,26,1751,0,0,0,0,0,ŌłÆ28,ŌłÆ1,ŌłÆ27,+5,+119,ŌłÆ1,+63,1109,381,419,309,610,228,271,2112,1136
3,3,FR,2081,1,2135,16,1795,40,1514,0,+19,0,+19,0,+51,ŌłÆ1,ŌłÆ3,0,ŌłÆ1,+3,+112,938,473,341,124,474,269,195,1706,1272
4,4,EN,2020,1,2213,4,1983,17,1810,0,ŌłÆ22,0,ŌłÆ22,0,+9,+2,+22,+4,+43,+4,+56,1160,509,524,127,683,215,262,2719,1118
5,5,BR,1984,1,2195,4,1998,20,1805,+1,+6,+1,+6,0,ŌłÆ9,ŌłÆ2,ŌłÆ43,ŌłÆ4,ŌłÆ151,ŌłÆ2,ŌłÆ38,1065,372,346,347,670,172,223,2294,954
5,5,PT,1984,2,2060,19,1797,41,1624,+2,+8,+2,+8,+1,ŌłÆ4,0,ŌłÆ28,0,ŌłÆ50,+7,+72,694,320,262,112,346,189,159,1222,779
7,7,CO,1975,3,2069,48,1621,102,1304,ŌłÆ2,ŌłÆ23,ŌłÆ2,ŌłÆ23,+2,+24,ŌłÆ1,ŌłÆ23,+7,+79,ŌłÆ2,ŌłÆ6,648,184,229,235,265,205,178,842,741
8,8,NL,1961,1,2153,15,1848,55,1553,0,+2,0,+2,0,ŌłÆ5,+2,ŌłÆ7,+2,+7,+5,+61,901,429,358,114,465,239,197,1892,1142
9,9,EC,1933,9,1934,64,1525,121,1183,0,0,0,0,+3,+22,+5,+60,+10,+105,+5,+61,598,183,211,204,183,254,161,719,903
10,10,HR,1930,4,2015,12,1881,28,1780,0,ŌłÆ2,0,ŌłÆ2,+2,+19,+2,ŌłÆ22,+8,+95,+8,+112,398,156,167,75,209,83,106,694,401
11,11,DE,1923,1,2223,8,1911,25,1637,+1,+13,+1,+13,ŌłÆ4,ŌłÆ64,+2,+3,+1,ŌłÆ10,ŌłÆ9,ŌłÆ109,1045,469,415,161,604,224,217,2352,1232
12,12,NO,1912,6,1944,38,1623,85,1364,ŌłÆ1,ŌłÆ10,ŌłÆ1,ŌłÆ10,+9,+83,+24,+175,+22,+163,+38,+283,886,425,409,52,334,355,197,1373,1443
13,13,JP,1904,9,1913,62,1467,114,1126,+3,+26,+3,+26,+1,+28,+4,+52,+18,+145,+15,+142,835,331,207,297,408,257,170,1517,985
14,14,TR,1902,9,1902,42,1611,77,1358,+1,+22,+1,+22,+4,+65,+17,+153,+8,+94,+3,+81,669,290,300,79,263,250,156,947,969
15,15,UY,1892,1,2104,12,1876,44,1636,ŌłÆ1,+2,ŌłÆ1,+2,ŌłÆ5,ŌłÆ29,ŌłÆ7,ŌłÆ96,ŌłÆ4,ŌłÆ60,ŌłÆ8,ŌłÆ73,1019,336,432,251,446,321,252,1610,1254
16,16,CH,1889,9,1933,27,1690,56,1485,ŌłÆ3,ŌłÆ8,ŌłÆ3,ŌłÆ8,+8,+77,+5,+86,ŌłÆ1,+4,+10,+120,895,425,392,78,319,373,203,1335,1482
17,17,SN,1878,17,1878,56,1590,107,1387,0,+9,+7,+74,+13,+119,+8,+102,+21,+155,+29,+219,704,221,259,224,319,192,193,967,669
18,18,DK,1869,1,2074,20,1799,59,1541,0,+5,ŌłÆ1,+5,ŌłÆ3,+8,+1,+47,ŌłÆ9,ŌłÆ103,+18,+144,903,413,396,94,419,298,186,1650,1220
19,19,BE,1867,1,2157,24,1755,70,1503,+2,+17,0,+17,ŌłÆ3,+23,ŌłÆ10,ŌłÆ119,ŌłÆ17,ŌłÆ239,ŌłÆ9,ŌłÆ61,876,415,375,86,390,302,184,1599,1359
20,20,MX,1860,4,1985,20,1782,48,1498,0,+3,0,+25,+3,+43,+2,+60,ŌłÆ7,ŌłÆ64,ŌłÆ9,ŌłÆ66,1028,297,273,458,533,258,237,1823,1055
21,21,IT,1856,1,2134,8,1915,23,1607,ŌłÆ2,ŌłÆ3,ŌłÆ3,ŌłÆ3,ŌłÆ10,ŌłÆ58,ŌłÆ10,ŌłÆ99,ŌłÆ15,ŌłÆ152,ŌłÆ6,ŌłÆ15,901,407,323,171,479,177,245,1579,894
22,22,PY,1833,5,1956,23,1755,51,1619,0,0,ŌłÆ1,0,+5,+33,+20,+127,+5,+64,+11,+87,788,214,365,209,276,303,209,1002,1115
23,23,AT,1827,1,2070,20,1810,73,1549,0,+9,0,+9,ŌłÆ5,ŌłÆ10,ŌłÆ7,ŌłÆ30,+10,+73,ŌłÆ3,+36,865,431,383,51,370,310,185,1560,1321
24,24,MA,1822,11,1923,43,1657,86,1510,0,+16,ŌłÆ2,ŌłÆ6,+2,+16,+6,+56,+18,+151,+38,+241,728,318,219,191,364,165,199,1103,614
25,25,CA,1784,21,1841,49,1599,90,1470,0,ŌłÆ21,0,ŌłÆ18,+4,+6,+14,+69,+30,+172,+55,+274,488,152,200,136,189,185,114,626,623
26,26,AU,1783,11,1876,35,1672,77,1475,+4,+9,+4,+9,+10,+46,+3,+13,+13,+70,+12,+65,635,271,223,141,326,179,130,1289,714
27,27,RS,1769,2,2017,20,1787,46,1515,+4,+1,+4,+1,ŌłÆ10,ŌłÆ74,ŌłÆ3,ŌłÆ19,ŌłÆ2,ŌłÆ30,+11,+51,860,302,423,135,403,265,192,1617,1173
28,28,SQ,1767,1,2104,14,1879,63,1598,ŌłÆ1,ŌłÆ23,ŌłÆ1,ŌłÆ23,+6,+25,ŌłÆ2,ŌłÆ8,+15,+101,+12,+53,867,402,413,52,411,268,188,1495,1075
28,28,UA,1767,14,1872,31,1745,66,1561,ŌłÆ2,ŌłÆ35,ŌłÆ3,ŌłÆ35,ŌłÆ3,ŌłÆ42,ŌłÆ13,ŌłÆ96,ŌłÆ7,ŌłÆ43,ŌłÆ12,ŌłÆ62,338,134,144,60,153,90,95,475,356
30,30,RU,1766,1,2083,24,1742,50,1449,ŌłÆ1,ŌłÆ16,ŌłÆ1,ŌłÆ16,ŌłÆ2,ŌłÆ25,ŌłÆ3,ŌłÆ7,+7,+28,ŌłÆ4,ŌłÆ3,813,311,383,119,430,174,209,1476,779
31,31,IR,1764,13,1853,40,1658,79,1450,+2,+9,+2,+9,ŌłÆ11,ŌłÆ66,ŌłÆ11,ŌłÆ55,ŌłÆ2,ŌłÆ2,+4,+28,669,223,195,251,383,132,154,1273,525
32,32,NG,1757,16,1826,38,1668,74,1500,+3,+18,+26,+130,+33,+188,+25,+131,+9,+70,+21,+137,714,241,262,211,331,179,204,1075,721
33,33,KR,1752,16,1845,35,1687,84,1445,ŌłÆ5,ŌłÆ32,ŌłÆ5,ŌłÆ32,ŌłÆ1,+6,+4,+20,ŌłÆ2,ŌłÆ7,ŌłÆ14,ŌłÆ42,1050,353,255,442,571,221,258,1907,964
33,33,GR,1752,7,1931,49,1559,91,1273,ŌłÆ1,ŌłÆ9,ŌłÆ1,ŌłÆ9,ŌłÆ12,ŌłÆ77,+1,+13,+15,+114,+26,+148,656,298,295,63,251,249,156,833,906
35,35,DZ,1743,18,1807,48,1621,110,1386,+5,+15,+5,+26,+10,+35,+13,+80,+1,+3,+12,+89,688,261,233,194,309,196,183,1052,703
36,36,PA,1737,27,1773,99,1362,143,1154,+1,+4,ŌłÆ1,ŌłÆ5,+4,+14,+6,+31,+38,+194,+6,+61,591,200,227,164,196,251,144,736,906
37,37,PL,1729,2,2084,30,1712,63,1521,ŌłÆ1,ŌłÆ6,ŌłÆ1,ŌłÆ6,+9,+25,+1,+9,ŌłÆ14,ŌłÆ78,ŌłÆ15,ŌłÆ55,919,395,410,114,400,295,224,1562,1239
38,38,UZ,1727,25,1766,60,1596,93,1428,+2,ŌłÆ1,ŌłÆ2,ŌłÆ8,+9,+30,+8,+60,+31,+173,+6,+64,365,130,128,107,180,110,75,635,398
38,38,VE,1727,18,1830,84,1432,122,1218,+4,+12,+3,+12,ŌłÆ4,ŌłÆ15,ŌłÆ5,ŌłÆ17,ŌłÆ14,ŌłÆ75,+18,+114,481,179,179,123,129,245,107,521,872
40,40,CZ,1726,1,2032,13,1855,46,1669,ŌłÆ2,ŌłÆ5,ŌłÆ2,ŌłÆ5,ŌłÆ9,ŌłÆ29,ŌłÆ12,ŌłÆ45,ŌłÆ12,ŌłÆ42,ŌłÆ10,ŌłÆ30,882,360,416,106,424,261,197,1624,1097
41,41,US,1721,9,1890,41,1642,93,1410,ŌłÆ7,ŌłÆ26,ŌłÆ7,ŌłÆ26,0,ŌłÆ1,ŌłÆ18,ŌłÆ77,ŌłÆ11,ŌłÆ44,ŌłÆ9,ŌłÆ31,825,487,253,85,366,286,173,1246,1073
41,41,KO,1721,37,1738,102,1420,119,1364,+3,+7,+2,+7,+18,+122,+37,+211,+42,+238,+69,+330,107,48,39,20,42,42,23,152,145
43,43,SE,1719,2,2013,17,1795,54,1579,+9,+59,+8,+59,ŌłÆ6,ŌłÆ17,+1,+23,ŌłÆ27,ŌłÆ126,ŌłÆ14,ŌłÆ40,1118,489,499,130,549,335,234,2226,1482
44,44,CL,1710,2,2040,28,1678,59,1384,ŌłÆ6,ŌłÆ21,ŌłÆ6,ŌłÆ21,ŌłÆ3,ŌłÆ12,ŌłÆ4,ŌłÆ3,ŌłÆ24,ŌłÆ106,ŌłÆ35,ŌłÆ238,852,328,307,217,318,346,188,1194,1216
45,45,HU,1703,1,2234,20,1835,74,1529,+1,+5,ŌłÆ1,+5,ŌłÆ1,ŌłÆ12,ŌłÆ27,ŌłÆ138,ŌłÆ10,ŌłÆ42,ŌłÆ4,+5,1033,467,492,74,487,324,222,2069,1525
46,46,EG,1699,12,1872,37,1662,70,1527,+7,+40,+8,+55,+4,+33,+9,+64,+14,+101,+5,+75,884,354,281,249,447,216,221,1545,921
47,47,WA,1698,3,1910,22,1671,85,1403,ŌłÆ5,ŌłÆ17,ŌłÆ6,ŌłÆ17,ŌłÆ10,ŌłÆ38,ŌłÆ6,ŌłÆ11,ŌłÆ31,ŌłÆ147,ŌłÆ3,+35,733,345,356,32,236,331,166,917,1173
48,48,PE,1695,10,1916,34,1679,76,1485,ŌłÆ3,ŌłÆ12,ŌłÆ3,ŌłÆ2,ŌłÆ9,ŌłÆ29,ŌłÆ16,ŌłÆ50,ŌłÆ22,ŌłÆ97,ŌłÆ25,ŌłÆ82,708,266,253,189,228,304,176,857,987
49,49,SI,1694,26,1777,54,1625,76,1518,ŌłÆ2,ŌłÆ1,ŌłÆ3,ŌłÆ1,ŌłÆ16,ŌłÆ50,ŌłÆ15,ŌłÆ45,+4,+80,+6,+80,319,144,145,30,116,117,86,399,378
49,49,IE,1694,4,1918,24,1626,64,1237,0,+6,ŌłÆ2,+6,+4,+60,+12,+87,+4,+80,ŌłÆ25,ŌłÆ81,742,378,304,60,262,287,193,978,1160
51,51,JO,1690,40,1701,111,1322,153,1092,ŌłÆ3,+1,+10,+81,+3,+57,+13,+91,+35,+214,+24,+157,582,201,191,190,206,218,158,727,710
52,52,CI,1676,15,1863,45,1640,76,1476,+6,+39,+10,+69,+11,+85,+4,+47,ŌłÆ3,+41,ŌłÆ15,ŌłÆ46,692,241,237,214,348,166,178,1130,695
53,53,SK,1673,17,1775,40,1681,67,1567,ŌłÆ3,ŌłÆ14,ŌłÆ5,ŌłÆ14,ŌłÆ4,ŌłÆ11,ŌłÆ4,+19,ŌłÆ9,+18,ŌłÆ28,ŌłÆ98,366,156,166,44,149,131,86,517,457
54,54,CD,1655,20,1782,62,1557,114,1387,+3,+16,+5,+39,+13,+89,+20,+124,+30,+177,+18,+106,547,166,225,156,226,171,150,835,641
55,55,GE,1653,31,1754,70,1553,104,1434,0,+3,ŌłÆ3,+3,ŌłÆ12,ŌłÆ63,ŌłÆ5,+4,+21,+141,+38,+185,319,139,148,32,106,146,67,412,443
56,56,AL,1646,38,1675,73,1504,116,1364,ŌłÆ5,ŌłÆ18,ŌłÆ6,ŌłÆ18,ŌłÆ2,+13,+4,+34,+15,+94,ŌłÆ4,+24,408,190,185,33,116,207,85,396,602
57,57,BO,1645,21,1798,60,1509,93,1244,ŌłÆ3,ŌłÆ12,ŌłÆ8,ŌłÆ31,ŌłÆ5,ŌłÆ6,+6,+41,+5,+67,+2,+41,536,189,205,142,122,293,121,551,1052
58,58,TN,1636,24,1757,47,1616,87,1439,+3,+22,ŌłÆ6,ŌłÆ14,0,+25,ŌłÆ13,ŌłÆ41,ŌłÆ11,ŌłÆ7,+12,+86,775,337,251,187,330,229,216,1105,839
59,59,IL,1634,23,1776,49,1621,83,1428,+1,+3,ŌłÆ2,+3,+2,+38,+9,+76,+2,+43,+6,+60,523,249,212,62,196,207,120,803,764
60,60,RO,1627,5,1945,29,1717,65,1501,ŌłÆ4,ŌłÆ15,ŌłÆ5,ŌłÆ15,ŌłÆ12,ŌłÆ58,ŌłÆ13,ŌłÆ37,ŌłÆ15,ŌłÆ19,ŌłÆ29,ŌłÆ128,800,332,376,92,354,247,199,1303,1018
61,61,CR,1614,9,1866,36,1690,77,1478,ŌłÆ2,ŌłÆ19,ŌłÆ5,ŌłÆ19,ŌłÆ10,ŌłÆ39,+1,+9,ŌłÆ9,ŌłÆ7,ŌłÆ40,ŌłÆ175,789,259,281,249,356,242,191,1368,916
61,61,CM,1614,14,1850,53,1605,80,1442,+1,+8,+12,+55,+3,+26,+8,+59,+12,+66,ŌłÆ3,+9,661,184,247,230,287,172,202,952,712
63,63,IQ,1608,23,1740,47,1622,96,1456,+5,+26,+1,+12,+12,+69,ŌłÆ10,ŌłÆ37,ŌłÆ12,ŌłÆ21,+19,+104,760,139,231,390,360,189,211,1203,707
64,64,EI,1601,13,1854,40,1655,110,1397,ŌłÆ1,ŌłÆ2,ŌłÆ1,ŌłÆ2,+6,+44,+12,+85,+3,+36,ŌłÆ10,ŌłÆ17,610,276,297,37,171,289,150,643,925
65,65,ML,1596,42,1650,70,1523,129,1302,+1,+7,ŌłÆ5,ŌłÆ16,ŌłÆ8,ŌłÆ16,ŌłÆ13,ŌłÆ50,+7,+45,+8,+49,624,195,234,195,249,205,170,824,716
66,66,NM,1592,40,1667,74,1534,110,1401,ŌłÆ2,0,ŌłÆ1,0,ŌłÆ10,ŌłÆ21,+5,+41,ŌłÆ7,ŌłÆ8,+35,+155,304,141,133,30,95,130,79,364,407
67,67,BA,1591,20,1806,53,1626,90,1469,+2,+19,+1,+19,+12,+65,+21,+113,ŌłÆ18,ŌłÆ44,ŌłÆ33,ŌłÆ151,280,118,136,26,104,111,65,393,385
68,68,NZ,1585,29,1640,66,1499,103,1334,ŌłÆ1,0,ŌłÆ2,0,ŌłÆ6,ŌłÆ10,+7,+60,+14,+100,+7,+52,439,135,189,115,181,179,79,767,645
69,69,HN,1571,23,1789,63,1500,110,1330,+1,+4,+1,+4,0,+11,+16,+84,ŌłÆ12,ŌłÆ33,+9,+45,667,212,217,238,263,231,173,964,857
69,69,IS,1571,18,1841,81,1425,127,1258,+2,+9,+2,+5,+8,+40,+3,+27,ŌłÆ11,ŌłÆ30,ŌłÆ26,ŌłÆ102,525,216,250,59,160,261,104,635,881
71,71,SA,1568,29,1735,76,1501,125,1256,ŌłÆ7,ŌłÆ24,ŌłÆ4,ŌłÆ10,ŌłÆ3,+6,ŌłÆ12,ŌłÆ45,ŌłÆ7,ŌłÆ7,+6,+41,835,322,151,362,396,245,194,1281,892
72,72,CV,1549,65,1579,120,1302,146,1172,0,ŌłÆ12,0,ŌłÆ12,+8,+49,ŌłÆ7,ŌłÆ30,+23,+108,+14,+53,251,80,91,80,94,97,60,267,278
73,73,AO,1543,52,1628,86,1456,161,1213,0,0,ŌłÆ4,ŌłÆ25,+3,+8,+7,+36,+39,+175,+40,+164,473,166,184,123,175,140,158,575,489
74,74,FI,1542,14,1757,62,1500,120,1246,+6,+33,+6,+33,0,+2,ŌłÆ16,ŌłÆ81,ŌłÆ34,ŌłÆ159,ŌłÆ7,ŌłÆ27,823,337,428,58,217,439,167,971,1693
75,75,AE,1540,37,1692,98,1396,163,983,+1,0,+1,+8,ŌłÆ3,ŌłÆ1,+4,+31,+18,+87,ŌłÆ26,ŌłÆ91,674,287,141,246,263,238,173,933,831
76,76,JM,1539,38,1700,83,1413,133,1221,ŌłÆ2,ŌłÆ3,+3,+11,ŌłÆ11,ŌłÆ30,ŌłÆ22,ŌłÆ98,ŌłÆ11,ŌłÆ34,ŌłÆ15,ŌłÆ57,717,272,268,177,280,271,166,960,938
77,77,HT,1532,37,1673,81,1418,129,1265,ŌłÆ3,ŌłÆ10,ŌłÆ2,ŌłÆ10,ŌłÆ6,ŌłÆ21,+6,+39,ŌłÆ9,ŌłÆ28,+8,+34,561,181,196,184,246,197,118,957,759
78,78,BF,1530,56,1616,98,1402,137,1265,ŌłÆ1,ŌłÆ4,ŌłÆ4,ŌłÆ18,+4,+31,+3,+29,ŌłÆ8,ŌłÆ23,+19,+75,491,154,186,151,170,191,130,612,672
79,79,ZA,1517,7,1847,32,1707,99,1448,ŌłÆ1,ŌłÆ11,ŌłÆ2,ŌłÆ13,ŌłÆ19,ŌłÆ81,ŌłÆ13,ŌłÆ54,+5,+39,ŌłÆ17,ŌłÆ64,525,276,161,88,231,141,153,719,542
80,80,GT,1515,30,1642,68,1486,108,1382,ŌłÆ1,ŌłÆ11,ŌłÆ2,ŌłÆ14,+4,+20,+6,+32,0,+21,+8,+29,626,205,180,241,225,235,166,877,852
81,81,BY,1513,44,1665,80,1505,120,1349,+1,+17,+1,+17,+4,+22,+14,+59,ŌłÆ4,+6,ŌłÆ13,ŌłÆ54,306,103,158,45,90,137,79,342,442
82,82,GH,1503,10,1877,42,1651,101,1424,ŌłÆ2,ŌłÆ6,ŌłÆ2,ŌłÆ6,+10,+52,0,+3,ŌłÆ26,ŌłÆ102,ŌłÆ34,ŌłÆ132,778,247,297,234,370,213,195,1247,822
83,83,SY,1491,53,1619,86,1429,123,1254,+1,+5,+5,+34,+11,+52,+13,+44,+3,+15,ŌłÆ4,ŌłÆ28,596,126,221,249,225,225,146,869,754
84,84,OM,1490,53,1634,128,1211,181,782,ŌłÆ1,0,+1,+16,ŌłÆ12,ŌłÆ51,ŌłÆ12,ŌłÆ54,ŌłÆ6,ŌłÆ15,+8,+20,591,229,144,218,222,218,151,753,780
85,85,BG,1475,7,1911,41,1633,98,1312,+4,+22,+5,+22,+4,+15,+5,+2,ŌłÆ6,ŌłÆ23,ŌłÆ29,ŌłÆ138,779,298,399,82,286,299,194,1092,1149
86,86,GN,1469,21,1772,72,1516,128,1302,ŌłÆ1,ŌłÆ16,ŌłÆ2,ŌłÆ16,+7,+19,+3,ŌłÆ6,+11,+37,ŌłÆ16,ŌłÆ81,645,172,263,210,251,210,184,953,803
86,86,PS,1469,66,1483,121,1254,160,1155,0,0,+5,+22,+9,+42,+15,+48,+17,+70,+30,+117,289,19,111,159,83,128,78,368,445
88,88,NS,1457,64,1486,84,1463,103,1430,0,0,0,0,+3,0,+5,0,+3,0,+8,+1,17,5,3,9,9,6,2,30,23
89,89,ME,1439,34,1720,60,1597,95,1439,+1,ŌłÆ4,+3,ŌłÆ4,ŌłÆ11,ŌłÆ88,ŌłÆ23,ŌłÆ132,ŌłÆ14,ŌłÆ91,ŌłÆ20,ŌłÆ117,172,91,76,5,57,73,42,202,237
90,90,CW,1436,26,1618,97,1381,188,1011,ŌłÆ3,ŌłÆ30,ŌłÆ3,ŌłÆ30,+38,+113,+34,+99,+6,+3,+85,+311,498,173,176,149,201,173,124,879,767
90,90,LU,1436,24,1520,108,1256,191,979,+13,+41,+15,+41,0,ŌłÆ22,ŌłÆ13,ŌłÆ77,+14,+43,+60,+192,473,257,200,16,54,357,62,308,1224
92,92,SR,1431,26,1592,84,1404,170,1160,ŌłÆ1,ŌłÆ9,+1,ŌłÆ9,+12,+30,+43,+124,+37,+107,+69,+222,543,231,222,90,239,175,129,986,740
93,93,KZ,1430,48,1622,101,1420,130,1306,+4,+20,+7,+20,+3,+4,ŌłÆ2,ŌłÆ41,+31,+79,+15,+28,270,103,121,46,70,142,58,283,450
94,94,BJ,1429,57,1540,109,1356,168,1131,+3,+19,+1,ŌłÆ5,+6,+21,+23,+83,ŌłÆ5,ŌłÆ32,+15,+35,352,129,142,81,87,181,84,364,617
95,95,KD,1424,94,1424,100,1424,108,1402,ŌłÆ1,0,+3,0,+2,0,+5,0,+4,0,+9,0,4,2,0,2,3,0,1,12,3
96,96,CN,1423,17,1752,50,1577,112,1376,+1,+13,+7,+20,+7,+21,+8,+16,ŌłÆ7,ŌłÆ38,ŌłÆ31,ŌłÆ151,762,271,264,227,368,231,163,1420,861
96,96,QA,1423,26,1771,93,1416,164,965,ŌłÆ4,ŌłÆ2,ŌłÆ13,ŌłÆ63,ŌłÆ13,ŌłÆ75,ŌłÆ45,ŌłÆ224,ŌłÆ50,ŌłÆ221,ŌłÆ22,ŌłÆ115,698,328,147,223,289,233,176,993,826
98,98,LY,1420,42,1620,82,1470,128,1321,ŌłÆ6,ŌłÆ5,ŌłÆ1,ŌłÆ5,+13,+35,+5,+12,+21,+65,ŌłÆ8,ŌłÆ52,459,164,166,129,166,185,108,621,611
99,99,GM,1419,88,1454,118,1309,144,1190,ŌłÆ5,ŌłÆ5,ŌłÆ1,ŌłÆ5,+17,+46,+17,+65,+17,+60,+33,+121,299,108,100,91,81,136,82,319,433
100,100,BH,1418,51,1634,109,1349,155,1077,ŌłÆ4,0,0,+8,ŌłÆ20,ŌłÆ82,ŌłÆ8,ŌłÆ45,ŌłÆ34,ŌłÆ149,+3,ŌłÆ10,636,218,158,260,223,247,166,780,824
101,101,GA,1401,59,1593,95,1413,126,1268,ŌłÆ1,ŌłÆ4,ŌłÆ15,ŌłÆ66,ŌłÆ14,ŌłÆ65,ŌłÆ3,ŌłÆ29,ŌłÆ3,ŌłÆ30,ŌłÆ3,ŌłÆ47,462,184,154,124,159,174,129,551,567
102,102,UG,1394,29,1625,75,1482,130,1306,+2,0,ŌłÆ6,ŌłÆ39,+7,+5,+11,+34,ŌłÆ11,ŌłÆ63,ŌłÆ18,ŌłÆ107,736,251,257,228,304,238,194,1108,887
103,103,NE,1393,98,1409,133,1239,159,1082,ŌłÆ2,ŌłÆ11,ŌłÆ1,ŌłÆ11,+27,+71,+53,+156,+44,+140,+36,+118,290,100,117,73,65,157,68,286,515
104,104,TT,1392,11,1661,61,1505,125,1312,ŌłÆ2,ŌłÆ11,ŌłÆ1,ŌłÆ11,ŌłÆ6,ŌłÆ29,ŌłÆ5,ŌłÆ35,+17,+40,ŌłÆ40,ŌłÆ187,870,344,364,162,375,302,193,1446,1122
105,105,GQ,1390,61,1604,151,1159,188,1008,+1,+8,ŌłÆ11,ŌłÆ49,ŌłÆ19,ŌłÆ100,ŌłÆ36,ŌłÆ165,+16,+38,+15,+51,195,80,64,51,56,95,44,182,287
106,106,MG,1382,68,1508,104,1366,167,1162,+6,+14,+6,+14,+30,+84,+34,+91,+6,+14,+38,+125,356,120,120,116,136,142,78,494,532
106,106,FO,1382,61,1382,122,1252,169,1154,+1,+1,+3,+1,+41,+111,+43,+114,+38,+123,+45,+141,281,119,139,23,50,194,37,212,640
108,108,AM,1379,62,1589,102,1418,143,1243,ŌłÆ3,ŌłÆ10,ŌłÆ1,ŌłÆ10,+2,ŌłÆ7,ŌłÆ14,ŌłÆ76,ŌłÆ46,ŌłÆ199,ŌłÆ27,ŌłÆ128,281,113,132,36,66,158,57,281,537
109,109,TH,1376,67,1546,112,1317,141,1125,+3,+8,+3,+8,+3,ŌłÆ7,ŌłÆ7,ŌłÆ42,+12,+24,ŌłÆ3,ŌłÆ36,933,388,199,346,366,358,209,1485,1406
110,110,KP,1375,17,1801,63,1567,130,1315,ŌłÆ2,0,+1,0,+3,ŌłÆ6,0,+6,ŌłÆ2,ŌłÆ3,ŌłÆ28,ŌłÆ129,417,50,149,218,175,127,115,641,447
111,111,MZ,1372,83,1495,116,1332,152,1210,ŌłÆ1,0,ŌłÆ4,ŌłÆ17,ŌłÆ23,ŌłÆ91,+1,+9,+34,+116,+11,+38,442,166,176,100,139,192,111,465,580
112,112,ZM,1370,31,1709,60,1551,125,1343,ŌłÆ1,0,+2,+6,ŌłÆ11,ŌłÆ35,ŌłÆ25,ŌłÆ112,ŌłÆ31,ŌłÆ122,ŌłÆ25,ŌłÆ123,879,282,360,237,393,261,225,1389,954
113,113,ZW,1366,43,1574,78,1462,146,1278,+6,+24,+3,+14,ŌłÆ7,ŌłÆ28,+19,+46,ŌłÆ11,ŌłÆ34,+1,ŌłÆ7,552,190,223,139,206,185,161,737,669
114,114,KM,1362,96,1433,186,941,206,830,ŌłÆ5,ŌłÆ12,ŌłÆ8,ŌłÆ30,ŌłÆ15,ŌłÆ51,+24,+59,+36,+128,+77,+391,158,29,35,94,40,81,37,144,246
115,115,TG,1358,48,1603,90,1439,144,1263,+4,+16,+5,+16,+3,ŌłÆ12,ŌłÆ8,ŌłÆ35,+23,+84,ŌłÆ8,ŌłÆ48,493,179,198,116,157,210,126,533,673
116,116,KE,1356,53,1563,90,1379,140,1240,+1,+12,+2,+12,ŌłÆ2,ŌłÆ22,ŌłÆ11,ŌłÆ46,ŌłÆ10,ŌłÆ31,+10,+37,779,291,283,205,293,293,193,1073,1061
117,117,VN,1351,62,1518,120,1298,177,1092,+10,+22,+10,+22,+3,ŌłÆ8,+30,+80,ŌłÆ17,ŌłÆ60,+42,+139,525,174,131,220,222,200,103,922,771
118,118,SD,1350,23,1707,90,1444,155,1226,ŌłÆ3,0,ŌłÆ9,ŌłÆ31,ŌłÆ13,ŌłÆ46,+8,+20,ŌłÆ11,ŌłÆ33,+12,+51,553,154,204,195,187,225,141,628,730
119,119,SL,1348,65,1552,104,1368,158,1185,ŌłÆ2,+4,ŌłÆ1,+4,+8,+23,+16,+41,+12,+30,+2,+10,336,115,141,80,97,150,89,329,477
120,120,RE,1345,72,1395,125,1184,158,1047,ŌłÆ4,0,ŌłÆ3,0,+3,0,ŌłÆ1,0,ŌłÆ9,ŌłÆ24,ŌłÆ8,ŌłÆ36,139,53,38,48,55,55,29,237,252
121,121,SV,1342,32,1606,72,1471,130,1322,+9,+18,+9,+18,ŌłÆ13,ŌłÆ48,ŌłÆ15,ŌłÆ55,ŌłÆ33,ŌłÆ124,ŌłÆ19,ŌłÆ94,685,210,209,266,227,305,153,863,1022
122,122,AZ,1340,63,1551,107,1397,143,1257,+1,+1,+2,+1,ŌłÆ3,ŌłÆ28,ŌłÆ38,ŌłÆ152,ŌłÆ12,ŌłÆ31,ŌłÆ11,ŌłÆ46,322,116,152,54,66,175,81,263,542
123,123,EE,1339,32,1541,94,1353,174,1088,ŌłÆ9,ŌłÆ20,ŌłÆ8,ŌłÆ20,ŌłÆ16,ŌłÆ52,ŌłÆ8,ŌłÆ16,ŌłÆ8,ŌłÆ21,ŌłÆ33,ŌłÆ133,539,229,255,55,132,287,120,531,962
124,124,GP,1338,50,1530,91,1408,166,1179,0,0,+1,0,ŌłÆ9,ŌłÆ38,+4,+12,+33,+130,+13,+52,293,92,89,112,128,114,51,507,410
125,125,RW,1336,96,1461,144,1206,176,1035,+11,+28,+12,+28,+5,+14,0,0,+8,+36,+2,+20,290,107,100,83,90,126,74,298,364
126,126,NI,1334,65,1373,146,1031,197,900,+2,+6,+2,+6,+4,+12,+4,+13,+29,+121,+17,+73,252,63,99,90,54,166,32,258,617
127,127,LB,1333,78,1473,108,1333,164,1166,ŌłÆ2,0,ŌłÆ1,0,ŌłÆ1,ŌłÆ7,+17,+52,ŌłÆ22,ŌłÆ56,ŌłÆ12,ŌłÆ36,420,140,144,136,123,185,112,507,619
128,128,ID,1331,39,1578,101,1361,179,1102,ŌłÆ7,ŌłÆ10,ŌłÆ6,ŌłÆ10,ŌłÆ3,ŌłÆ11,ŌłÆ8,ŌłÆ13,+51,+223,+32,+120,782,250,192,340,297,332,153,1313,1269
129,129,KW,1328,27,1734,83,1468,143,1178,ŌłÆ1,0,ŌłÆ6,ŌłÆ12,ŌłÆ1,+5,0,+4,ŌłÆ28,ŌłÆ82,ŌłÆ35,ŌłÆ139,761,269,175,317,321,248,192,1196,878
130,130,ZN,1321,102,1368,145,1119,168,936,+1,0,+1,0,+5,0,0,0,0,ŌłÆ2,+6,+34,217,37,45,135,39,131,47,186,458
131,131,TZ,1313,65,1510,117,1295,169,1130,ŌłÆ9,ŌłÆ27,ŌłÆ2,ŌłÆ12,ŌłÆ29,ŌłÆ91,ŌłÆ10,ŌłÆ29,+3,+18,ŌłÆ12,ŌłÆ27,658,244,237,177,193,280,185,752,963
132,132,MQ,1312,39,1565,79,1458,133,1312,ŌłÆ6,ŌłÆ19,ŌłÆ12,ŌłÆ30,ŌłÆ16,ŌłÆ61,ŌłÆ35,ŌłÆ126,ŌłÆ38,ŌłÆ134,ŌłÆ33,ŌłÆ134,371,136,125,110,167,116,88,676,488
133,133,MR,1311,98,1423,155,1115,181,912,+1,0,+2,0,ŌłÆ11,ŌłÆ35,ŌłÆ26,ŌłÆ82,ŌłÆ24,ŌłÆ63,0,+14,298,91,103,104,55,173,70,215,526
134,134,NA,1303,97,1428,136,1272,168,1117,0,ŌłÆ8,+1,ŌłÆ8,ŌłÆ13,ŌłÆ49,ŌłÆ24,ŌłÆ66,ŌłÆ7,ŌłÆ30,ŌłÆ10,ŌłÆ26,304,102,121,81,77,135,92,295,424
135,135,LV,1301,41,1575,87,1399,155,1217,+8,+15,+9,+15,+3,+11,ŌłÆ13,ŌłÆ40,+5,+33,ŌłÆ40,ŌłÆ165,457,192,212,53,128,219,110,535,752
135,135,CY,1301,63,1575,102,1378,141,1250,+2,ŌłÆ1,+3,ŌłÆ1,+2,+4,ŌłÆ2,ŌłÆ17,ŌłÆ21,ŌłÆ66,ŌłÆ30,ŌłÆ119,427,237,184,6,83,271,73,384,931
137,137,LR,1296,70,1518,112,1342,154,1218,+1,ŌłÆ3,+2,ŌłÆ3,+14,+34,+16,+49,ŌłÆ18,ŌłÆ59,ŌłÆ14,ŌłÆ34,340,145,143,52,90,174,76,315,519
138,138,MY,1293,58,1548,122,1288,185,1054,ŌłÆ6,ŌłÆ20,ŌłÆ5,ŌłÆ20,+12,+29,+12,+27,+24,+99,+39,+181,929,390,241,298,362,356,211,1513,1348
139,139,GY,1292,15,1523,104,1293,182,1043,+8,+17,+8,+17,+9,+24,+12,+30,+20,+86,+10,+43,456,179,194,83,142,224,90,589,790
140,140,KG,1291,127,1332,155,1203,178,1094,ŌłÆ8,ŌłÆ22,ŌłÆ7,ŌłÆ22,ŌłÆ10,ŌłÆ31,+6,+19,ŌłÆ1,+18,+18,+78,190,47,74,69,55,105,30,208,337
141,141,LT,1290,47,1662,92,1318,151,1050,+5,+14,+5,+14,ŌłÆ3,0,ŌłÆ15,ŌłÆ40,ŌłÆ24,ŌłÆ68,ŌłÆ41,ŌłÆ154,416,169,206,41,106,229,81,414,757
142,142,NC,1286,50,1532,103,1357,176,1089,ŌłÆ2,ŌłÆ8,ŌłÆ1,ŌłÆ8,0,+1,+15,+56,0,+20,ŌłÆ18,ŌłÆ43,285,87,71,127,141,110,34,739,419
143,143,TJ,1285,75,1503,123,1334,164,1195,ŌłÆ4,ŌłÆ12,ŌłÆ3,ŌłÆ12,ŌłÆ2,ŌłÆ4,ŌłÆ34,ŌłÆ104,+3,+30,+19,+81,210,55,84,71,79,86,45,301,295
143,143,BI,1285,85,1464,125,1285,168,1163,+8,+46,+8,+46,+1,+4,+2,+8,+6,+38,ŌłÆ25,ŌłÆ65,241,52,89,100,74,112,55,274,334
143,143,ET,1285,39,1638,99,1393,153,1238,+5,+21,+5,+21,+2,+6,ŌłÆ3,ŌłÆ6,ŌłÆ15,ŌłÆ41,ŌłÆ5,+3,472,214,163,95,170,199,103,655,690
146,146,DO,1284,138,1295,167,1060,188,930,ŌłÆ5,ŌłÆ9,ŌłÆ4,ŌłÆ9,ŌłÆ8,ŌłÆ6,+15,+76,+18,+100,+21,+115,189,86,63,40,69,88,32,299,303
147,147,BW,1267,100,1438,150,1167,190,996,ŌłÆ3,ŌłÆ18,ŌłÆ15,ŌłÆ52,ŌłÆ24,ŌłÆ78,ŌłÆ24,ŌłÆ72,ŌłÆ12,ŌłÆ25,ŌłÆ14,ŌłÆ30,368,166,136,66,98,166,104,311,490
148,148,MD,1262,65,1556,109,1391,165,1169,ŌłÆ6,ŌłÆ26,ŌłÆ5,ŌłÆ26,ŌłÆ18,ŌłÆ60,ŌłÆ31,ŌłÆ84,+9,+54,ŌłÆ31,ŌłÆ89,300,114,145,41,60,172,68,244,520
149,149,GW,1248,84,1415,126,1282,163,1178,+1,+4,+1,+4,ŌłÆ6,ŌłÆ34,ŌłÆ35,ŌłÆ111,ŌłÆ25,ŌłÆ103,ŌłÆ4,ŌłÆ8,215,66,64,85,58,104,53,215,320
150,150,MW,1241,48,1590,115,1327,151,1093,ŌłÆ1,ŌłÆ11,ŌłÆ1,ŌłÆ11,ŌłÆ5,ŌłÆ38,ŌłÆ11,ŌłÆ58,ŌłÆ24,ŌłÆ108,ŌłÆ22,ŌłÆ70,698,306,243,149,232,264,202,816,900
151,151,CU,1239,21,1683,84,1438,161,1114,+2,+10,+2,+10,+2,ŌłÆ8,ŌłÆ14,ŌłÆ65,ŌłÆ3,ŌłÆ13,ŌłÆ22,ŌłÆ71,485,103,212,170,185,189,111,678,684
152,152,CF,1237,83,1417,124,1295,167,1177,0,0,0,0,ŌłÆ3,ŌłÆ28,ŌłÆ18,ŌłÆ79,ŌłÆ20,ŌłÆ70,ŌłÆ11,ŌłÆ33,162,32,67,63,36,93,33,180,322
152,152,MT,1237,78,1435,118,1322,171,1155,ŌłÆ7,ŌłÆ41,ŌłÆ7,ŌłÆ41,0,ŌłÆ18,0,ŌłÆ23,0,+11,+1,+6,454,246,182,26,65,313,76,295,1018
154,154,GF,1223,71,1395,125,1246,172,1109,0,0,0,0,+3,0,ŌłÆ12,ŌłÆ66,ŌłÆ11,ŌłÆ39,ŌłÆ24,ŌłÆ76,190,66,67,57,57,92,41,280,328
155,155,YT,1216,149,1233,157,1202,175,1124,+1,0,+1,0,+4,0,+4,0,ŌłÆ2,ŌłÆ8,+1,ŌłÆ2,41,2,11,28,13,17,11,55,59
156,156,TM,1209,67,1546,117,1358,161,1205,ŌłÆ1,ŌłÆ8,ŌłÆ1,ŌłÆ8,+4,ŌłÆ6,+4,ŌłÆ4,ŌłÆ15,ŌłÆ58,ŌłÆ21,ŌłÆ83,187,42,76,69,71,82,34,288,281
157,157,CG,1207,33,1690,83,1471,159,1207,+2,0,+2,0,0,ŌłÆ16,ŌłÆ10,ŌłÆ64,ŌłÆ39,ŌłÆ149,ŌłÆ68,ŌłÆ271,474,180,188,106,173,186,115,679,662
158,158,LS,1205,125,1325,151,1179,179,1102,ŌłÆ2,ŌłÆ11,ŌłÆ2,ŌłÆ11,ŌłÆ4,ŌłÆ32,ŌłÆ5,ŌłÆ42,ŌłÆ22,ŌłÆ83,+18,+84,352,113,147,92,70,179,103,279,575
159,159,ER,1201,142,1246,163,1158,185,1056,+5,+62,+5,+62,+6,+62,+7,+62,+17,+62,+23,+127,86,20,28,38,17,50,19,61,137
160,160,TI,1176,49,1591,103,1386,171,1136,0,0,0,0,+1,0,+4,ŌłÆ7,+3,ŌłÆ16,ŌłÆ5,ŌłÆ49,254,58,71,125,136,82,36,693,383
161,161,PH,1167,27,1352,135,1068,220,680,+1,+12,+1,+12,+7,+37,+20,+120,+10,+12,ŌłÆ19,ŌłÆ101,395,108,127,160,97,238,60,422,1021
162,162,YE,1151,109,1366,144,1212,178,1078,+1,0,+1,0,+10,+42,+10,+55,ŌłÆ6,ŌłÆ59,+4,ŌłÆ23,294,56,87,151,65,173,56,302,573
163,163,SW,1149,119,1347,153,1168,181,1062,ŌłÆ5,ŌłÆ62,ŌłÆ5,ŌłÆ62,ŌłÆ7,ŌłÆ75,ŌłÆ10,ŌłÆ98,+14,+32,ŌłÆ18,ŌłÆ107,324,123,131,70,71,158,95,297,542
164,164,VC,1141,58,1501,110,1322,185,1030,ŌłÆ3,ŌłÆ30,ŌłÆ3,ŌłÆ30,ŌłÆ1,ŌłÆ10,+10,+57,+4,ŌłÆ29,+8,+1,365,138,135,92,131,150,84,566,648
165,165,PR,1138,100,1166,169,936,203,829,+2,+4,+2,+4,+6,+21,+3,+9,+26,+143,+20,+87,195,73,67,55,46,120,29,229,488
166,166,SG,1137,80,1414,134,1228,187,1041,+3,+6,+3,+6,+12,+78,+3,+16,+3,ŌłÆ24,+2,ŌłÆ30,770,320,185,265,241,372,157,1031,1394
167,167,PG,1135,136,1223,165,1091,188,1016,ŌłÆ2,0,ŌłÆ2,0,+6,+31,+8,+52,+6,ŌłÆ15,+16,+64,165,30,43,92,54,80,31,352,356
168,168,IN,1134,24,1685,110,1341,186,1030,+2,+11,+2,+11,ŌłÆ6,ŌłÆ28,ŌłÆ6,ŌłÆ62,ŌłÆ7,ŌłÆ61,+15,+63,609,177,170,262,220,261,128,836,996
169,169,HK,1120,60,1533,123,1287,180,1057,ŌłÆ4,ŌłÆ15,ŌłÆ4,ŌłÆ15,ŌłÆ3,ŌłÆ18,+11,+62,ŌłÆ2,ŌłÆ51,ŌłÆ13,ŌłÆ98,512,182,151,179,177,233,102,814,871
170,170,BM,1119,91,1431,128,1283,177,1082,+1,ŌłÆ1,+2,ŌłÆ1,ŌłÆ2,ŌłÆ11,ŌłÆ5,ŌłÆ22,ŌłÆ33,ŌłÆ165,ŌłÆ16,ŌłÆ111,235,106,82,47,79,111,45,375,414
171,171,VU,1114,111,1263,156,1104,191,959,+3,0,+3,0,+10,+69,+12,+69,ŌłÆ5,ŌłÆ58,ŌłÆ2,ŌłÆ51,225,52,51,122,70,124,31,400,482
172,172,SS,1109,163,1155,178,1087,188,1018,ŌłÆ5,ŌłÆ25,ŌłÆ5,ŌłÆ25,ŌłÆ5,ŌłÆ24,ŌłÆ5,ŌłÆ25,+10,+30,+2,ŌłÆ24,81,18,29,34,13,52,16,55,145
173,173,FJ,1108,78,1466,129,1246,175,1069,+2,0,+2,0,ŌłÆ18,ŌłÆ119,ŌłÆ15,ŌłÆ113,ŌłÆ22,ŌłÆ119,ŌłÆ25,ŌłÆ144,286,106,63,117,126,105,55,644,459
174,174,GD,1098,46,1548,101,1370,186,1060,ŌłÆ1,ŌłÆ21,ŌłÆ3,ŌłÆ24,+1,+26,+4,+27,ŌłÆ15,ŌłÆ108,ŌłÆ3,ŌłÆ49,310,115,116,79,103,129,78,490,561
175,175,AD,1076,169,1130,182,1050,195,952,+4,ŌłÆ7,+4,ŌłÆ7,+1,+10,ŌłÆ4,ŌłÆ37,+10,+45,+20,+115,229,91,105,33,14,183,32,75,540
176,176,MU,1073,36,1634,108,1335,195,930,+1,ŌłÆ18,+1,ŌłÆ18,+6,+29,+9,+62,+12,+66,+4,ŌłÆ30,359,124,151,84,100,174,85,450,572
176,176,TD,1073,107,1318,135,1244,176,1073,ŌłÆ5,ŌłÆ47,ŌłÆ4,ŌłÆ47,ŌłÆ12,ŌłÆ76,ŌłÆ13,ŌłÆ114,ŌłÆ11,ŌłÆ107,ŌłÆ29,ŌłÆ180,182,45,59,78,35,105,42,165,340
176,176,BZ,1073,61,1201,139,1114,183,1034,0,ŌłÆ32,0,ŌłÆ32,ŌłÆ2,ŌłÆ15,+1,ŌłÆ5,ŌłÆ1,ŌłÆ71,ŌłÆ11,ŌłÆ114,129,44,44,41,32,74,23,138,245
179,179,SB,1054,110,1378,147,1183,179,1041,ŌłÆ1,ŌłÆ36,ŌłÆ1,ŌłÆ36,ŌłÆ9,ŌłÆ72,ŌłÆ36,ŌłÆ233,ŌłÆ9,ŌłÆ103,ŌłÆ15,ŌłÆ134,223,59,62,102,94,92,37,480,428
180,180,MF,1042,155,1120,187,982,214,755,+6,+39,+6,+39,+3,ŌłÆ1,+13,+102,+26,+189,+26,+178,86,18,36,32,33,44,9,136,191
181,181,ST,1035,153,1116,174,1056,190,985,ŌłÆ1,ŌłÆ21,ŌłÆ1,ŌłÆ21,+3,ŌłÆ3,ŌłÆ2,ŌłÆ29,+2,ŌłÆ29,ŌłÆ2,ŌłÆ72,82,24,36,22,11,60,11,59,213
182,182,KN,1029,88,1387,138,1174,186,1001,+2,+24,+2,+24,ŌłÆ3,ŌłÆ26,ŌłÆ6,ŌłÆ50,ŌłÆ29,ŌłÆ195,ŌłÆ42,ŌłÆ242,252,121,80,51,104,101,47,431,396
183,183,AF,1011,96,1165,167,920,210,778,ŌłÆ2,ŌłÆ24,ŌłÆ2,ŌłÆ24,ŌłÆ6,ŌłÆ50,ŌłÆ13,ŌłÆ107,ŌłÆ9,ŌłÆ138,ŌłÆ13,ŌłÆ141,165,8,66,91,37,90,38,152,336
184,184,JS,1005,184,1005,188,1004,190,995,0,0,0,0,+2,0,+4,0,+5,0,+4,+10,2,0,0,2,1,0,1,4,3
185,185,LC,1003,67,1353,126,1241,192,977,ŌłÆ2,ŌłÆ5,ŌłÆ2,ŌłÆ5,0,ŌłÆ31,ŌłÆ12,ŌłÆ89,0,ŌłÆ28,ŌłÆ4,ŌłÆ94,264,89,108,67,90,132,42,361,485
186,186,GI,1002,167,1152,178,1082,189,1002,ŌłÆ4,ŌłÆ15,ŌłÆ4,ŌłÆ15,ŌłÆ6,ŌłÆ50,ŌłÆ4,ŌłÆ44,ŌłÆ5,ŌłÆ85,ŌłÆ8,ŌłÆ109,116,39,49,28,16,85,15,62,343
187,187,EH,996,186,996,189,996,192,996,0,0,0,0,0,0,+3,0,+3,0,0,0,1,0,1,0,0,1,0,0,6
188,188,MM,982,34,1675,125,1244,199,896,+5,+37,+5,+37,+5,+40,+9,+59,ŌłÆ4,ŌłÆ68,ŌłÆ2,ŌłÆ66,552,119,138,295,218,230,104,892,952
189,189,AW,979,51,1444,125,1199,203,880,+2,+30,+2,+30,+10,+66,0,ŌłÆ18,+14,+99,+9,+63,207,83,80,44,52,111,44,298,467
189,189,SO,979,132,1218,166,1072,207,835,0,+18,0,+18,+11,+68,+11,+77,+7,+62,+18,+135,150,10,48,92,15,112,23,78,375
191,191,SX,975,164,977,187,909,213,758,ŌłÆ1,+19,ŌłÆ1,+19,+3,+43,+12,+105,+21,+211,+13,+95,75,16,25,34,23,39,13,107,194
192,192,MS,971,116,1021,191,642,236,526,ŌłÆ4,0,ŌłÆ4,0,ŌłÆ2,+21,ŌłÆ8,ŌłÆ50,+10,+78,+35,+327,74,15,26,33,18,48,8,76,235
193,193,GL,946,163,1035,185,975,197,946,ŌłÆ1,0,ŌłÆ1,0,ŌłÆ1,0,ŌłÆ1,ŌłÆ7,ŌłÆ1,ŌłÆ17,+1,ŌłÆ17,22,2,7,13,5,16,1,35,50
194,194,DJ,940,105,942,178,872,215,748,+4,+25,+4,+25,+1,+11,+2,+10,+7,+44,+20,+189,121,28,40,53,11,99,11,83,424
195,195,DM,934,59,1330,132,1196,198,932,0,ŌłÆ4,0,ŌłÆ4,ŌłÆ7,ŌłÆ36,ŌłÆ9,ŌłÆ76,ŌłÆ8,ŌłÆ77,ŌłÆ2,ŌłÆ33,246,69,97,80,60,132,54,288,488
196,196,BD,932,150,1113,181,980,210,796,ŌłÆ2,ŌłÆ8,ŌłÆ2,ŌłÆ8,0,+10,ŌłÆ1,ŌłÆ2,+11,+87,+5,+32,326,92,96,138,87,166,73,298,583
197,197,LI,904,143,1242,167,1114,201,900,+3,+4,+3,+4,+4,ŌłÆ2,ŌłÆ6,ŌłÆ54,ŌłÆ17,ŌłÆ195,ŌłÆ34,ŌłÆ289,257,114,124,19,19,206,32,104,722
198,198,MC,903,193,909,199,900,202,890,+1,0,+1,0,+4,0,+1,0,+2,0,+1,ŌłÆ6,9,0,1,8,4,2,3,11,15
199,199,BB,898,54,1405,121,1243,200,898,ŌłÆ3,ŌłÆ23,ŌłÆ3,ŌłÆ23,ŌłÆ10,ŌłÆ59,ŌłÆ5,ŌłÆ40,ŌłÆ21,ŌłÆ212,ŌłÆ26,ŌłÆ236,375,168,132,75,117,162,96,492,616
200,200,AG,894,102,1319,145,1178,201,894,+1,0,+1,0,ŌłÆ3,ŌłÆ23,ŌłÆ14,ŌłÆ116,ŌłÆ28,ŌłÆ258,ŌłÆ48,ŌłÆ338,285,116,101,68,95,136,54,394,491
201,201,NP,893,167,1008,190,889,209,729,ŌłÆ4,ŌłÆ26,ŌłÆ4,ŌłÆ26,ŌłÆ10,ŌłÆ55,0,ŌłÆ3,ŌłÆ4,ŌłÆ19,ŌłÆ1,ŌłÆ12,295,74,91,130,68,174,53,247,665
202,202,SC,853,157,1123,182,987,205,842,+2,+11,+2,+11,+2,+2,+2,ŌłÆ2,ŌłÆ3,ŌłÆ53,ŌłÆ12,ŌłÆ135,190,51,58,81,26,131,33,144,425
203,203,MV,848,162,1174,191,884,209,712,+2,+7,+2,+7,0,ŌłÆ29,ŌłÆ1,ŌłÆ34,ŌłÆ9,ŌłÆ100,ŌłÆ11,ŌłÆ121,239,63,82,94,67,133,39,289,534
204,204,KH,844,93,1391,157,1058,222,676,ŌłÆ1,0,ŌłÆ1,0,+2,+7,+1,+1,+4,+4,+11,+108,316,80,93,143,71,200,45,361,816
205,205,SM,836,165,1015,195,917,212,770,+1,+3,+1,+3,0,ŌłÆ9,+7,+60,+4,+9,ŌłÆ2,ŌłÆ47,226,109,110,7,3,211,12,42,891
205,205,BQ,836,81,1130,150,1037,208,820,+3,+14,+3,+14,+2,+1,+1,ŌłÆ5,ŌłÆ12,ŌłÆ122,ŌłÆ16,ŌłÆ154,103,19,52,32,24,67,12,116,255
207,207,LK,827,77,1045,161,932,227,647,+3,+45,+3,+45,+6,+90,+10,+115,+20,+163,+5,+67,284,70,89,125,57,177,50,274,692
208,208,TW,821,15,1767,144,1169,213,760,ŌłÆ6,ŌłÆ45,ŌłÆ6,ŌłÆ45,ŌłÆ10,ŌłÆ93,ŌłÆ10,ŌłÆ86,ŌłÆ13,ŌłÆ122,+2,+28,339,96,109,134,96,191,52,465,788
209,209,PK,812,69,1458,154,1101,209,787,ŌłÆ2,ŌłÆ18,ŌłÆ2,ŌłÆ18,0,ŌłÆ12,ŌłÆ2,ŌłÆ17,ŌłÆ5,ŌłÆ67,ŌłÆ13,ŌłÆ140,284,63,96,125,63,170,51,272,642
210,210,KY,805,153,1140,183,1000,210,795,ŌłÆ1,ŌłÆ1,ŌłÆ1,ŌłÆ1,ŌłÆ2,ŌłÆ23,ŌłÆ1,+7,ŌłÆ12,ŌłÆ102,ŌłÆ13,ŌłÆ141,128,60,38,30,26,77,25,124,309
211,211,HG,782,208,805,211,783,213,773,ŌłÆ1,0,ŌłÆ1,0,0,0,0,0,ŌłÆ1,+9,ŌłÆ2,ŌłÆ23,4,0,0,4,1,2,1,8,10
212,212,TV,756,179,819,204,745,217,719,0,0,0,0,0,0,+2,0,+2,+19,+5,+31,34,0,4,30,9,21,4,47,182
213,213,EU,737,211,757,213,753,215,711,0,0,0,0,0,0,0,ŌłÆ20,0,ŌłÆ20,0,ŌłÆ20,11,3,8,0,5,2,4,33,30
214,214,LA,734,144,1015,186,895,227,646,+5,+26,+5,+26,+8,+47,+11,+66,+6,+41,ŌłÆ6,ŌłÆ80,235,49,69,117,43,157,35,235,739
215,215,MN,729,147,897,190,842,227,650,ŌłÆ1,0,ŌłÆ1,0,0,0,ŌłÆ5,ŌłÆ62,+1,ŌłÆ1,+10,+54,100,22,37,41,21,68,11,100,282
216,216,WS,728,183,744,211,659,226,601,ŌłÆ1,0,ŌłÆ1,0,0,0,ŌłÆ1,ŌłÆ16,+8,+51,+3,+28,77,28,15,34,23,50,4,109,279
217,217,VG,727,173,932,207,788,232,590,+4,+34,+4,+34,+11,+95,+10,+74,+14,+123,+14,+123,137,35,62,40,23,90,24,127,398
218,218,BL,725,215,730,217,706,221,694,ŌłÆ2,0,ŌłÆ2,0,ŌłÆ1,0,ŌłÆ2,0,ŌłÆ1,+12,+3,+31,10,7,3,0,4,5,1,25,29
219,219,GU,718,179,894,207,693,232,531,ŌłÆ1,+5,ŌłÆ1,+5,ŌłÆ1,+5,+3,+37,ŌłÆ4,ŌłÆ17,ŌłÆ14,ŌłÆ153,130,25,43,62,31,86,13,167,581
220,220,WF,699,169,734,201,699,221,674,0,0,0,0,ŌłÆ1,0,ŌłÆ2,0,ŌłÆ2,0,0,0,24,0,5,19,5,19,0,23,109
221,221,VA,692,212,705,218,697,223,686,+1,0,+1,0,ŌłÆ1,0,ŌłÆ2,0,0,0,+1,+6,5,0,0,5,0,3,2,1,6
222,222,AB,691,216,701,223,675,227,671,+1,0,+1,0,ŌłÆ1,0,+2,+20,+4,+20,+4,+20,8,5,3,0,2,4,2,25,26
223,223,BS,685,157,940,190,871,223,685,ŌłÆ6,ŌłÆ34,ŌłÆ6,ŌłÆ34,ŌłÆ13,ŌłÆ107,ŌłÆ15,ŌłÆ131,ŌłÆ18,ŌłÆ188,ŌłÆ21,ŌłÆ214,90,30,32,28,17,62,11,90,291
224,224,PM,677,218,698,223,678,226,677,+1,0,+1,0,ŌłÆ1,0,ŌłÆ1,0,0,0,0,0,7,0,0,7,0,7,0,2,78
225,225,TL,673,215,742,226,630,236,531,ŌłÆ1,ŌłÆ7,ŌłÆ1,ŌłÆ7,0,+15,+6,+62,+3,+31,ŌłÆ7,ŌłÆ49,90,5,46,39,11,72,7,80,284
226,226,TC,657,205,830,211,766,230,631,0,0,0,0,0,+9,ŌłÆ6,ŌłÆ29,ŌłÆ16,ŌłÆ116,ŌłÆ15,ŌłÆ104,56,16,22,18,13,37,6,54,197
227,227,AI,646,196,672,224,556,237,497,+1,+1,+1,+1,+4,+26,+8,+76,+9,+86,+10,+94,117,31,50,36,16,87,14,74,413
228,228,BT,636,185,694,219,599,238,526,+4,+22,+4,+22,ŌłÆ1,ŌłÆ1,+4,+26,+6,+69,+8,+81,115,20,39,56,12,95,8,67,415
229,229,BN,633,168,949,201,777,232,596,ŌłÆ2,ŌłÆ22,ŌłÆ2,ŌłÆ22,ŌłÆ5,ŌłÆ32,0,+9,+1,+9,+1,+26,151,29,42,80,27,111,13,119,485
230,230,TE,629,177,691,208,665,231,629,ŌłÆ1,0,ŌłÆ1,0,ŌłÆ1,0,ŌłÆ2,0,ŌłÆ1,0,ŌłÆ2,ŌłÆ1,10,0,3,7,0,9,1,8,38
231,231,VI,628,210,748,219,685,233,587,0,+10,0,+10,+2,+41,ŌłÆ1,+10,ŌłÆ8,ŌłÆ50,ŌłÆ15,ŌłÆ107,81,27,35,19,10,58,13,55,300
232,232,CK,622,175,738,206,681,232,622,ŌłÆ2,0,ŌłÆ2,0,ŌłÆ2,0,ŌłÆ11,ŌłÆ62,ŌłÆ10,ŌłÆ64,ŌłÆ10,ŌłÆ64,56,4,14,38,13,39,4,50,276
233,233,MO,588,103,1098,175,945,233,588,0,ŌłÆ7,0,ŌłÆ7,ŌłÆ1,ŌłÆ10,ŌłÆ7,ŌłÆ78,ŌłÆ14,ŌłÆ110,ŌłÆ4,ŌłÆ35,161,51,50,60,24,120,17,141,490
234,234,CX,578,219,614,228,577,235,513,0,0,0,0,0,0,ŌłÆ1,0,ŌłÆ1,0,ŌłÆ1,0,10,6,4,0,7,2,1,29,8
235,235,FK,571,223,593,229,585,235,571,0,0,0,0,0,0,ŌłÆ1,0,ŌłÆ3,ŌłÆ9,ŌłÆ3,ŌłÆ9,4,0,1,3,0,4,0,0,25
236,236,FM,563,219,618,231,571,237,563,0,0,0,0,0,0,0,0,ŌłÆ1,0,ŌłÆ2,0,8,1,3,4,1,7,0,8,64
237,237,MH,559,235,571,237,559,237,559,0,0,0,0,ŌłÆ,ŌłÆ,ŌłÆ,ŌłÆ,ŌłÆ,ŌłÆ,ŌłÆ,ŌłÆ,2,0,0,2,0,2,0,2,7
238,238,KI,544,188,599,219,578,238,544,0,0,0,0,ŌłÆ1,0,ŌłÆ1,0,ŌłÆ1,0,0,0,11,0,2,9,0,10,1,7,126
239,239,TO,520,181,727,213,651,239,480,0,0,0,0,ŌłÆ1,0,0,+40,ŌłÆ1,ŌłÆ7,ŌłÆ4,ŌłÆ42,70,10,15,45,16,48,6,82,265
240,240,NU,496,194,500,225,496,240,496,0,0,0,0,ŌłÆ1,0,ŌłÆ2,0,ŌłÆ1,0,ŌłÆ1,0,2,0,0,2,0,2,0,0,33
241,241,MP,432,214,682,233,512,243,396,0,0,0,0,ŌłÆ1,0,ŌłÆ1,ŌłÆ20,+1,+22,ŌłÆ1,ŌłÆ31,36,7,11,18,5,28,3,43,153
242,242,CC,422,222,487,235,423,242,386,0,0,0,0,ŌłÆ1,0,ŌłÆ1,0,ŌłÆ1,0,0,0,10,4,6,0,2,7,1,8,29
243,243,PW,402,225,442,237,402,243,402,0,0,0,0,ŌłÆ1,0,ŌłÆ1,0,0,0,0,0,2,2,0,0,0,2,0,3,27
244,244,AS,369,190,628,226,467,244,334,0,ŌłÆ19,0,ŌłÆ19,ŌłÆ1,ŌłÆ19,ŌłÆ1,ŌłÆ7,ŌłÆ4,ŌłÆ102,ŌłÆ3,ŌłÆ93,59,0,15,44,5,52,2,36,385
